map_name,scenario_index,total_agents,active_agents,inactive_agents,density,SOC,makespan,runtime
room-32-32-4,1,25,25,0,0.3583984375,1575,62,0.026810407638549805
room-32-32-4,2,25,25,0,0.3583984375,1350,53,0.02472066879272461
room-32-32-4,3,25,25,0,0.3583984375,1400,55,0.025040388107299805
room-32-32-4,4,25,25,0,0.3583984375,1400,55,0.024727344512939453
room-32-32-4,5,25,25,0,0.3583984375,1775,70,0.029184579849243164
room-32-32-4,6,25,25,0,0.3583984375,1425,56,0.0215761661529541
room-32-32-4,7,25,25,0,0.3583984375,1350,53,0.020994186401367188
room-32-32-4,8,25,25,0,0.3583984375,1500,59,0.02640986442565918
room-32-32-4,9,25,25,0,0.3583984375,1700,67,0.028150558471679688
room-32-32-4,10,25,25,0,0.3583984375,1525,60,0.027316808700561523
room-32-32-4,11,25,25,0,0.3583984375,1325,52,0.022701025009155273
room-32-32-4,12,25,25,0,0.3583984375,1850,73,0.030672073364257812
room-32-32-4,13,25,25,0,0.3583984375,1350,53,0.021967411041259766
room-32-32-4,14,25,25,0,0.3583984375,1525,60,0.026531696319580078
room-32-32-4,15,25,25,0,0.3583984375,1200,47,0.019634008407592773
room-32-32-4,16,25,25,0,0.3583984375,1450,57,0.02300548553466797
room-32-32-4,17,25,25,0,0.3583984375,1700,67,0.025937557220458984
room-32-32-4,18,25,25,0,0.3583984375,1350,53,0.023579835891723633
room-32-32-4,19,25,25,0,0.3583984375,1500,59,0.02515721321105957
room-32-32-4,20,25,25,0,0.3583984375,1725,68,0.031255245208740234
room-32-32-4,21,25,25,0,0.3583984375,1500,59,0.025104284286499023
room-32-32-4,22,25,25,0,0.3583984375,1250,49,0.022762775421142578
room-32-32-4,23,25,25,0,0.3583984375,1725,68,0.028786897659301758
room-32-32-4,24,25,25,0,0.3583984375,1525,60,0.024518728256225586
room-32-32-4,25,25,25,0,0.3583984375,1750,69,0.028235435485839844
room-32-32-4,1,50,25,25,0.3828125,2950,58,0.03986215591430664
room-32-32-4,2,50,25,25,0.3828125,2700,53,0.036202430725097656
room-32-32-4,3,50,25,25,0.3828125,2900,57,0.039769887924194336
room-32-32-4,4,50,25,25,0.3828125,2800,55,0.03746628761291504
room-32-32-4,5,50,25,25,0.3828125,3550,70,0.044370174407958984
room-32-32-4,6,50,25,25,0.3828125,2850,56,0.03275775909423828
room-32-32-4,7,50,25,25,0.3828125,2700,53,0.03149104118347168
room-32-32-4,8,50,25,25,0.3828125,3800,75,0.04570889472961426
room-32-32-4,9,50,25,25,0.3828125,3400,67,0.04253435134887695
room-32-32-4,10,50,25,25,0.3828125,3100,61,0.03950166702270508
room-32-32-4,11,50,25,25,0.3828125,2650,52,0.03425431251525879
room-32-32-4,12,50,25,25,0.3828125,3400,67,0.044266700744628906
room-32-32-4,13,50,25,25,0.3828125,2700,53,0.03260540962219238
room-32-32-4,14,50,25,25,0.3828125,3100,61,0.040447235107421875
room-32-32-4,15,50,25,25,0.3828125,2400,47,0.029056549072265625
room-32-32-4,16,50,25,25,0.3828125,2900,57,0.03689146041870117
room-32-32-4,17,50,25,25,0.3828125,3400,67,0.039186954498291016
room-32-32-4,18,50,25,25,0.3828125,2800,55,0.036513566970825195
room-32-32-4,19,50,25,25,0.3828125,3000,59,0.03694415092468262
room-32-32-4,20,50,25,25,0.3828125,4050,80,0.05144786834716797
room-32-32-4,21,50,25,25,0.3828125,3000,59,0.037184715270996094
room-32-32-4,22,50,25,25,0.3828125,2900,57,0.03929948806762695
room-32-32-4,23,50,25,25,0.3828125,3450,68,0.04385519027709961
room-32-32-4,24,50,25,25,0.3828125,3050,60,0.03915071487426758
room-32-32-4,25,50,25,25,0.3828125,3950,78,0.04606199264526367
room-32-32-4,1,75,25,50,0.4072265625,5025,66,0.05774855613708496
room-32-32-4,2,75,25,50,0.4072265625,4275,56,0.05061984062194824
room-32-32-4,3,75,25,50,0.4072265625,4800,63,0.05783867835998535
room-32-32-4,4,75,25,50,0.4072265625,4275,56,0.0502169132232666
room-32-32-4,5,75,25,50,0.4072265625,5325,70,0.059668540954589844
room-32-32-4,6,75,25,50,0.4072265625,4275,56,0.04395771026611328
room-32-32-4,7,75,25,50,0.4072265625,4050,53,0.043767452239990234
room-32-32-4,8,75,25,50,0.4072265625,5700,75,0.05978870391845703
room-32-32-4,9,75,25,50,0.4072265625,5250,69,0.05898165702819824
room-32-32-4,10,75,25,50,0.4072265625,4650,61,0.051874637603759766
room-32-32-4,11,75,25,50,0.4072265625,3975,52,0.04635453224182129
room-32-32-4,12,75,25,50,0.4072265625,5550,73,0.063262939453125
room-32-32-4,13,75,25,50,0.4072265625,4050,53,0.04348587989807129
room-32-32-4,14,75,25,50,0.4072265625,4650,61,0.05384564399719238
room-32-32-4,15,75,25,50,0.4072265625,3600,47,0.03970074653625488
room-32-32-4,16,75,25,50,0.4072265625,4350,57,0.04816913604736328
room-32-32-4,17,75,25,50,0.4072265625,5100,67,0.05159902572631836
room-32-32-4,18,75,25,50,0.4072265625,4200,55,0.04765892028808594
room-32-32-4,19,75,25,50,0.4072265625,4500,59,0.04837298393249512
room-32-32-4,20,75,25,50,0.4072265625,6075,80,0.0687553882598877
room-32-32-4,21,75,25,50,0.4072265625,5175,68,0.05386781692504883
room-32-32-4,22,75,25,50,0.4072265625,3825,50,0.045977115631103516
room-32-32-4,23,75,25,50,0.4072265625,5625,74,0.06216931343078613
room-32-32-4,24,75,25,50,0.4072265625,4575,60,0.05146384239196777
room-32-32-4,25,75,25,50,0.4072265625,5250,69,0.0574190616607666
room-32-32-4,1,100,25,75,0.431640625,5500,54,0.0644998550415039
room-32-32-4,2,100,25,75,0.431640625,5700,56,0.06295633316040039
room-32-32-4,3,100,25,75,0.431640625,6000,59,0.06884217262268066
room-32-32-4,4,100,25,75,0.431640625,5700,56,0.06479287147521973
room-32-32-4,5,100,25,75,0.431640625,7500,74,0.07661843299865723
room-32-32-4,6,100,25,75,0.431640625,5700,56,0.05579328536987305
room-32-32-4,7,100,25,75,0.431640625,5400,53,0.05644512176513672
room-32-32-4,8,100,25,75,0.431640625,7500,74,0.07758188247680664
room-32-32-4,9,100,25,75,0.431640625,7100,70,0.07387256622314453
room-32-32-4,10,100,25,75,0.431640625,6000,59,0.06307029724121094
room-32-32-4,11,100,25,75,0.431640625,6400,63,0.0662832260131836
room-32-32-4,12,100,25,75,0.431640625,7400,73,0.07786774635314941
room-32-32-4,13,100,25,75,0.431640625,5400,53,0.05381202697753906
room-32-32-4,14,100,25,75,0.431640625,6300,62,0.06725025177001953
room-32-32-4,15,100,25,75,0.431640625,4800,47,0.050113677978515625
room-32-32-4,16,100,25,75,0.431640625,5800,57,0.059740304946899414
room-32-32-4,17,100,25,75,0.431640625,6800,67,0.06462502479553223
room-32-32-4,18,100,25,75,0.431640625,5500,54,0.05947136878967285
room-32-32-4,19,100,25,75,0.431640625,6000,59,0.06057429313659668
room-32-32-4,20,100,25,75,0.431640625,8100,80,0.08470535278320312
room-32-32-4,21,100,25,75,0.431640625,6900,68,0.06802797317504883
room-32-32-4,22,100,25,75,0.431640625,6100,60,0.0659172534942627
room-32-32-4,23,100,25,75,0.431640625,7200,71,0.07466578483581543
room-32-32-4,24,100,25,75,0.431640625,6100,60,0.06342554092407227
room-32-32-4,25,100,25,75,0.431640625,9000,89,0.08219623565673828
room-32-32-4,1,125,25,100,0.4560546875,6750,53,0.07566142082214355
room-32-32-4,2,125,25,100,0.4560546875,7125,56,0.07442808151245117
room-32-32-4,3,125,25,100,0.4560546875,7375,58,0.08048248291015625
room-32-32-4,4,125,25,100,0.4560546875,9250,73,0.0881500244140625
room-32-32-4,5,125,25,100,0.4560546875,9375,74,0.09036111831665039
room-32-32-4,6,125,25,100,0.4560546875,7125,56,0.06856894493103027
room-32-32-4,7,125,25,100,0.4560546875,6750,53,0.0674741268157959
room-32-32-4,8,125,25,100,0.4560546875,9875,78,0.09469771385192871
room-32-32-4,9,125,25,100,0.4560546875,8750,69,0.08859729766845703
room-32-32-4,10,125,25,100,0.4560546875,7500,59,0.0749659538269043
room-32-32-4,11,125,25,100,0.4560546875,8500,67,0.0819852352142334
room-32-32-4,12,125,25,100,0.4560546875,9250,73,0.0922999382019043
room-32-32-4,13,125,25,100,0.4560546875,6750,53,0.0672156810760498
room-32-32-4,14,125,25,100,0.4560546875,8250,65,0.08139681816101074
room-32-32-4,15,125,25,100,0.4560546875,6000,47,0.05936145782470703
room-32-32-4,16,125,25,100,0.4560546875,7500,59,0.07183694839477539
room-32-32-4,17,125,25,100,0.4560546875,8500,67,0.07701301574707031
room-32-32-4,18,125,25,100,0.4560546875,8625,68,0.0823822021484375
room-32-32-4,19,125,25,100,0.4560546875,7500,59,0.0725092887878418
room-32-32-4,20,125,25,100,0.4560546875,8375,66,0.09082484245300293
room-32-32-4,21,125,25,100,0.4560546875,8875,70,0.08341145515441895
room-32-32-4,22,125,25,100,0.4560546875,8625,68,0.08379936218261719
room-32-32-4,23,125,25,100,0.4560546875,7875,62,0.08235406875610352
room-32-32-4,24,125,25,100,0.4560546875,7625,60,0.07659769058227539
room-32-32-4,25,125,25,100,0.4560546875,9875,78,0.09296894073486328
room-32-32-4,1,150,25,125,0.48046875,8100,53,0.08791995048522949
room-32-32-4,2,150,25,125,0.48046875,8100,53,0.0842444896697998
room-32-32-4,3,150,25,125,0.48046875,9150,60,0.0960080623626709
room-32-32-4,4,150,25,125,0.48046875,10200,67,0.10012483596801758
room-32-32-4,5,150,25,125,0.48046875,11550,76,0.10882401466369629
room-32-32-4,6,150,25,125,0.48046875,8700,57,0.07617068290710449
room-32-32-4,7,150,25,125,0.48046875,8100,53,0.0784454345703125
room-32-32-4,8,150,25,125,0.48046875,11250,74,0.10724854469299316
room-32-32-4,9,150,25,125,0.48046875,10800,71,0.1054694652557373
room-32-32-4,10,150,25,125,0.48046875,9000,59,0.08799862861633301
room-32-32-4,11,150,25,125,0.48046875,10650,70,0.09766459465026855
room-32-32-4,12,150,25,125,0.48046875,11250,74,0.1096951961517334
room-32-32-4,13,150,25,125,0.48046875,8100,53,0.07682037353515625
room-32-32-4,14,150,25,125,0.48046875,9900,65,0.09621906280517578
room-32-32-4,15,150,25,125,0.48046875,7200,47,0.0688011646270752
room-32-32-4,16,150,25,125,0.48046875,9000,59,0.0843813419342041
room-32-32-4,17,150,25,125,0.48046875,10650,70,0.09366273880004883
room-32-32-4,18,150,25,125,0.48046875,9150,60,0.08775496482849121
room-32-32-4,19,150,25,125,0.48046875,8700,57,0.08371567726135254
room-32-32-4,20,150,25,125,0.48046875,10050,66,0.10480642318725586
room-32-32-4,21,150,25,125,0.48046875,9600,63,0.09205198287963867
room-32-32-4,22,150,25,125,0.48046875,9450,62,0.09053897857666016
room-32-32-4,23,150,25,125,0.48046875,9450,62,0.09493851661682129
room-32-32-4,24,150,25,125,0.48046875,8550,56,0.08691596984863281
room-32-32-4,25,150,25,125,0.48046875,15450,102,0.12869977951049805
room-32-32-4,1,175,25,150,0.5048828125,12250,69,0.11823272705078125
room-32-32-4,2,175,25,150,0.5048828125,9450,53,0.0963585376739502
room-32-32-4,3,175,25,150,0.5048828125,11375,64,0.11402630805969238
room-32-32-4,4,175,25,150,0.5048828125,12775,72,0.12100481986999512
room-32-32-4,5,175,25,150,0.5048828125,13825,78,0.1280956268310547
room-32-32-4,6,175,25,150,0.5048828125,10150,57,0.0891873836517334
room-32-32-4,7,175,25,150,0.5048828125,9450,53,0.0924069881439209
room-32-32-4,8,175,25,150,0.5048828125,13825,78,0.12660622596740723
room-32-32-4,9,175,25,150,0.5048828125,12425,70,0.12155485153198242
room-32-32-4,10,175,25,150,0.5048828125,11375,64,0.10777139663696289
room-32-32-4,11,175,25,150,0.5048828125,12250,69,0.11213111877441406
room-32-32-4,12,175,25,150,0.5048828125,13475,76,0.12874245643615723
room-32-32-4,13,175,25,150,0.5048828125,9450,53,0.08932137489318848
room-32-32-4,14,175,25,150,0.5048828125,11025,62,0.10660815238952637
room-32-32-4,15,175,25,150,0.5048828125,8400,47,0.08077263832092285
room-32-32-4,16,175,25,150,0.5048828125,10500,59,0.09840726852416992
room-32-32-4,17,175,25,150,0.5048828125,11200,63,0.1047515869140625
room-32-32-4,18,175,25,150,0.5048828125,10675,60,0.10158705711364746
room-32-32-4,19,175,25,150,0.5048828125,10150,57,0.09631156921386719
room-32-32-4,20,175,25,150,0.5048828125,11725,66,0.12030482292175293
room-32-32-4,21,175,25,150,0.5048828125,11900,67,0.11324048042297363
room-32-32-4,22,175,25,150,0.5048828125,11025,62,0.10636186599731445
room-32-32-4,23,175,25,150,0.5048828125,11025,62,0.10954904556274414
room-32-32-4,24,175,25,150,0.5048828125,9800,55,0.0998086929321289
room-32-32-4,25,175,25,150,0.5048828125,13125,74,0.11736845970153809
room-32-32-4,1,50,50,0,0.3828125,3650,72,0.06894540786743164
room-32-32-4,2,50,50,0,0.3828125,3450,68,0.06654596328735352
room-32-32-4,3,50,50,0,0.3828125,3650,72,0.07111358642578125
room-32-32-4,4,50,50,0,0.3828125,3550,70,0.06685900688171387
room-32-32-4,5,50,50,0,0.3828125,3650,72,0.06554865837097168
room-32-32-4,6,50,50,0,0.3828125,3200,63,0.05951285362243652
room-32-32-4,7,50,50,0,0.3828125,3750,74,0.06459712982177734
room-32-32-4,8,50,50,0,0.3828125,3550,70,0.06846141815185547
room-32-32-4,9,50,50,0,0.3828125,3450,68,0.06874656677246094
room-32-32-4,10,50,50,0,0.3828125,3600,71,0.06675171852111816
room-32-32-4,11,50,50,0,0.3828125,4150,82,0.07382512092590332
room-32-32-4,12,50,50,0,0.3828125,3700,73,0.07012152671813965
room-32-32-4,13,50,50,0,0.3828125,3200,63,0.060450077056884766
room-32-32-4,14,50,50,0,0.3828125,3450,68,0.06547069549560547
room-32-32-4,15,50,50,0,0.3828125,3450,68,0.06095409393310547
room-32-32-4,16,50,50,0,0.3828125,3800,75,0.06771993637084961
room-32-32-4,17,50,50,0,0.3828125,4300,85,0.06930112838745117
room-32-32-4,18,50,50,0,0.3828125,3900,77,0.07148981094360352
room-32-32-4,19,50,50,0,0.3828125,3600,71,0.06933999061584473
room-32-32-4,20,50,50,0,0.3828125,4550,90,0.08422350883483887
room-32-32-4,21,50,50,0,0.3828125,3600,71,0.06771278381347656
room-32-32-4,22,50,50,0,0.3828125,3050,60,0.0637972354888916
room-32-32-4,23,50,50,0,0.3828125,3550,70,0.06843018531799316
room-32-32-4,24,50,50,0,0.3828125,4450,88,0.07705235481262207
room-32-32-4,25,50,50,0,0.3828125,4250,84,0.07186341285705566
room-32-32-4,1,75,50,25,0.4072265625,5850,77,0.09179520606994629
room-32-32-4,2,75,50,25,0.4072265625,5175,68,0.08230447769165039
room-32-32-4,3,75,50,25,0.4072265625,5700,75,0.09330010414123535
room-32-32-4,4,75,50,25,0.4072265625,6225,82,0.09173822402954102
room-32-32-4,5,75,50,25,0.4072265625,5475,72,0.08547759056091309
room-32-32-4,6,75,50,25,0.4072265625,4875,64,0.0735158920288086
room-32-32-4,7,75,50,25,0.4072265625,5625,74,0.0829310417175293
room-32-32-4,8,75,50,25,0.4072265625,5700,75,0.09207487106323242
room-32-32-4,9,75,50,25,0.4072265625,5025,66,0.08666586875915527
room-32-32-4,10,75,50,25,0.4072265625,6000,79,0.0892190933227539
room-32-32-4,11,75,50,25,0.4072265625,6450,85,0.09742498397827148
room-32-32-4,12,75,50,25,0.4072265625,5475,72,0.09230279922485352
room-32-32-4,13,75,50,25,0.4072265625,4800,63,0.0779714584350586
room-32-32-4,14,75,50,25,0.4072265625,5175,68,0.08239436149597168
room-32-32-4,15,75,50,25,0.4072265625,4950,65,0.07594609260559082
room-32-32-4,16,75,50,25,0.4072265625,5100,67,0.08479452133178711
room-32-32-4,17,75,50,25,0.4072265625,6450,85,0.08856916427612305
room-32-32-4,18,75,50,25,0.4072265625,6300,83,0.09705615043640137
room-32-32-4,19,75,50,25,0.4072265625,5400,71,0.08561468124389648
room-32-32-4,20,75,50,25,0.4072265625,7275,96,0.11121273040771484
room-32-32-4,21,75,50,25,0.4072265625,5550,73,0.08598089218139648
room-32-32-4,22,75,50,25,0.4072265625,5100,67,0.08626794815063477
room-32-32-4,23,75,50,25,0.4072265625,5400,71,0.08681964874267578
room-32-32-4,24,75,50,25,0.4072265625,6075,80,0.09459042549133301
room-32-32-4,25,75,50,25,0.4072265625,6675,88,0.09583640098571777
room-32-32-4,1,100,50,50,0.431640625,7800,77,0.11418342590332031
room-32-32-4,2,100,50,50,0.431640625,6500,64,0.09562158584594727
room-32-32-4,3,100,50,50,0.431640625,7400,73,0.11554169654846191
room-32-32-4,4,100,50,50,0.431640625,7800,77,0.11006522178649902
room-32-32-4,5,100,50,50,0.431640625,7800,77,0.10849285125732422
room-32-32-4,6,100,50,50,0.431640625,6500,64,0.09150218963623047
room-32-32-4,7,100,50,50,0.431640625,7600,75,0.10535001754760742
room-32-32-4,8,100,50,50,0.431640625,7800,77,0.11604976654052734
room-32-32-4,9,100,50,50,0.431640625,7000,69,0.10994887351989746
room-32-32-4,10,100,50,50,0.431640625,9000,89,0.11789155006408691
room-32-32-4,11,100,50,50,0.431640625,8300,82,0.11839747428894043
room-32-32-4,12,100,50,50,0.431640625,8100,80,0.11720800399780273
room-32-32-4,13,100,50,50,0.431640625,6400,63,0.09729218482971191
room-32-32-4,14,100,50,50,0.431640625,7800,77,0.10959577560424805
room-32-32-4,15,100,50,50,0.431640625,11400,113,0.13004636764526367
room-32-32-4,16,100,50,50,0.431640625,8300,82,0.11194634437561035
room-32-32-4,17,100,50,50,0.431640625,7200,71,0.10509824752807617
room-32-32-4,18,100,50,50,0.431640625,8400,83,0.11936211585998535
room-32-32-4,19,100,50,50,0.431640625,7900,78,0.11189723014831543
room-32-32-4,20,100,50,50,0.431640625,10900,108,0.15096616744995117
room-32-32-4,21,100,50,50,0.431640625,7200,71,0.10748457908630371
room-32-32-4,22,100,50,50,0.431640625,6800,67,0.10274004936218262
room-32-32-4,23,100,50,50,0.431640625,7700,76,0.11405134201049805
room-32-32-4,24,100,50,50,0.431640625,7800,77,0.11838245391845703
room-32-32-4,25,100,50,50,0.431640625,8100,80,0.1115407943725586
room-32-32-4,1,125,50,75,0.4560546875,14250,113,0.16816329956054688
room-32-32-4,2,125,50,75,0.4560546875,9625,76,0.1304779052734375
room-32-32-4,3,125,50,75,0.4560546875,10875,86,0.14440584182739258
room-32-32-4,4,125,50,75,0.4560546875,11125,88,0.13879871368408203
room-32-32-4,5,125,50,75,0.4560546875,9625,76,0.12585973739624023
room-32-32-4,6,125,50,75,0.4560546875,9625,76,0.11913561820983887
room-32-32-4,7,125,50,75,0.4560546875,10250,81,0.12947487831115723
room-32-32-4,8,125,50,75,0.4560546875,9500,75,0.13373923301696777
room-32-32-4,9,125,50,75,0.4560546875,10875,86,0.14632701873779297
room-32-32-4,10,125,50,75,0.4560546875,9375,74,0.1229848861694336
room-32-32-4,11,125,50,75,0.4560546875,11375,90,0.14626789093017578
room-32-32-4,12,125,50,75,0.4560546875,10125,80,0.13766932487487793
room-32-32-4,13,125,50,75,0.4560546875,8625,68,0.11345338821411133
room-32-32-4,14,125,50,75,0.4560546875,9500,75,0.12801194190979004
room-32-32-4,15,125,50,75,0.4560546875,8250,65,0.11200809478759766
room-32-32-4,16,125,50,75,0.4560546875,10000,79,0.1298840045928955
room-32-32-4,17,125,50,75,0.4560546875,11375,90,0.13827085494995117
room-32-32-4,18,125,50,75,0.4560546875,10625,84,0.13668465614318848
room-32-32-4,19,125,50,75,0.4560546875,10250,81,0.1303250789642334
room-32-32-4,20,125,50,75,0.4560546875,12000,95,0.1650841236114502
room-32-32-4,21,125,50,75,0.4560546875,10000,79,0.1344447135925293
room-32-32-4,22,125,50,75,0.4560546875,8500,67,0.1219174861907959
room-32-32-4,23,125,50,75,0.4560546875,9250,73,0.133040189743042
room-32-32-4,24,125,50,75,0.4560546875,9500,75,0.13632702827453613
room-32-32-4,25,125,50,75,0.4560546875,9875,78,0.13260984420776367
room-32-32-4,1,150,50,100,0.48046875,21450,142,0.2297525405883789
room-32-32-4,2,150,50,100,0.48046875,11550,76,0.1500082015991211
room-32-32-4,3,150,50,100,0.48046875,13500,89,0.17044472694396973
room-32-32-4,4,150,50,100,0.48046875,12450,82,0.15934181213378906
room-32-32-4,5,150,50,100,0.48046875,11550,76,0.14710378646850586
room-32-32-4,6,150,50,100,0.48046875,10350,68,0.12789106369018555
room-32-32-4,7,150,50,100,0.48046875,12150,80,0.14890670776367188
room-32-32-4,8,150,50,100,0.48046875,13350,88,0.17150664329528809
room-32-32-4,9,150,50,100,0.48046875,11850,78,0.16292023658752441
room-32-32-4,10,150,50,100,0.48046875,14700,97,0.1666109561920166
room-32-32-4,11,150,50,100,0.48046875,12300,81,0.15825271606445312
room-32-32-4,12,150,50,100,0.48046875,10650,70,0.1465444564819336
room-32-32-4,13,150,50,100,0.48046875,9300,61,0.12539339065551758
room-32-32-4,14,150,50,100,0.48046875,11400,75,0.14758634567260742
room-32-32-4,15,150,50,100,0.48046875,13800,91,0.15703773498535156
room-32-32-4,16,150,50,100,0.48046875,12900,85,0.1602463722229004
room-32-32-4,17,150,50,100,0.48046875,13800,91,0.162492036819458
room-32-32-4,18,150,50,100,0.48046875,13200,87,0.16512179374694824
room-32-32-4,19,150,50,100,0.48046875,12450,82,0.15337705612182617
room-32-32-4,20,150,50,100,0.48046875,15000,99,0.19273829460144043
room-32-32-4,21,150,50,100,0.48046875,16050,106,0.18783235549926758
room-32-32-4,22,150,50,100,0.48046875,9750,64,0.13994956016540527
room-32-32-4,23,150,50,100,0.48046875,11850,78,0.15877604484558105
room-32-32-4,24,150,50,100,0.48046875,11850,78,0.16041874885559082
room-32-32-4,25,150,50,100,0.48046875,13350,88,0.1663532257080078
room-32-32-4,1,175,50,125,0.5048828125,15750,89,0.1965622901916504
room-32-32-4,2,175,50,125,0.5048828125,14000,79,0.17528152465820312
room-32-32-4,3,175,50,125,0.5048828125,15750,89,0.19963932037353516
room-32-32-4,4,175,50,125,0.5048828125,14875,84,0.1907486915588379
room-32-32-4,5,175,50,125,0.5048828125,13300,75,0.17122578620910645
room-32-32-4,6,175,50,125,0.5048828125,12950,73,0.15567231178283691
room-32-32-4,7,175,50,125,0.5048828125,15575,88,0.18410634994506836
room-32-32-4,8,175,50,125,0.5048828125,14700,83,0.1900169849395752
room-32-32-4,9,175,50,125,0.5048828125,16800,95,0.21049976348876953
room-32-32-4,10,175,50,125,0.5048828125,18550,105,0.1995072364807129
room-32-32-4,11,175,50,125,0.5048828125,17150,97,0.20003771781921387
room-32-32-4,12,175,50,125,0.5048828125,16800,95,0.2007138729095459
room-32-32-4,13,175,50,125,0.5048828125,11025,62,0.14862895011901855
room-32-32-4,14,175,50,125,0.5048828125,13650,77,0.17109370231628418
room-32-32-4,15,175,50,125,0.5048828125,16800,95,0.1884610652923584
room-32-32-4,16,175,50,125,0.5048828125,16450,93,0.19238877296447754
room-32-32-4,17,175,50,125,0.5048828125,16275,92,0.18381047248840332
room-32-32-4,18,175,50,125,0.5048828125,16975,96,0.20233941078186035
room-32-32-4,19,175,50,125,0.5048828125,14175,80,0.17788267135620117
room-32-32-4,20,175,50,125,0.5048828125,22575,128,0.2564833164215088
room-32-32-4,21,175,50,125,0.5048828125,20125,114,0.23197650909423828
room-32-32-4,22,175,50,125,0.5048828125,13825,78,0.17883944511413574
room-32-32-4,23,175,50,125,0.5048828125,14875,84,0.19102168083190918
room-32-32-4,24,175,50,125,0.5048828125,15225,86,0.20059847831726074
room-32-32-4,25,175,50,125,0.5048828125,15225,86,0.1878821849822998
room-32-32-4,1,200,50,150,0.529296875,29000,144,0.29451441764831543
room-32-32-4,2,200,50,150,0.529296875,16200,80,0.19825410842895508
room-32-32-4,3,200,50,150,0.529296875,18200,90,0.22686123847961426
room-32-32-4,4,200,50,150,0.529296875,21400,106,0.24404668807983398
room-32-32-4,5,200,50,150,0.529296875,18200,90,0.2091214656829834
room-32-32-4,6,200,50,150,0.529296875,13600,67,0.1647171974182129
room-32-32-4,7,200,50,150,0.529296875,17800,88,0.20258235931396484
room-32-32-4,8,200,50,150,0.529296875,15400,76,0.20539569854736328
room-32-32-4,9,200,50,150,0.529296875,20000,99,0.26397085189819336
room-32-32-4,10,200,50,150,0.529296875,25000,124,0.24986958503723145
room-32-32-4,11,200,50,150,0.529296875,20200,100,0.23417329788208008
room-32-32-4,12,200,50,150,0.529296875,17800,88,0.21733927726745605
room-32-32-4,13,200,50,150,0.529296875,12800,63,0.16761469841003418
room-32-32-4,14,200,50,150,0.529296875,15400,76,0.19305801391601562
room-32-32-4,15,200,50,150,0.529296875,21600,107,0.2275083065032959
room-32-32-4,16,200,50,150,0.529296875,17400,86,0.21154427528381348
room-32-32-4,17,200,50,150,0.529296875,20800,103,0.22467565536499023
room-32-32-4,18,200,50,150,0.529296875,19800,98,0.22943711280822754
room-32-32-4,19,200,50,150,0.529296875,17400,86,0.21098113059997559
room-32-32-4,20,200,50,150,0.529296875,22000,109,0.25989460945129395
room-32-32-4,21,200,50,150,0.529296875,21600,107,0.2427656650543213
room-32-32-4,22,200,50,150,0.529296875,17600,87,0.21062994003295898
room-32-32-4,23,200,50,150,0.529296875,18400,91,0.22142291069030762
room-32-32-4,24,200,50,150,0.529296875,16400,81,0.21198534965515137
room-32-32-4,25,200,50,150,0.529296875,18800,93,0.21201539039611816
room-32-32-4,1,75,75,0,0.4072265625,6300,83,0.1291675567626953
room-32-32-4,2,75,75,0,0.4072265625,6375,84,0.12630629539489746
room-32-32-4,3,75,75,0,0.4072265625,7350,97,0.14722275733947754
room-32-32-4,4,75,75,0,0.4072265625,5175,68,0.11192107200622559
room-32-32-4,5,75,75,0,0.4072265625,7650,101,0.13628816604614258
room-32-32-4,6,75,75,0,0.4072265625,7050,93,0.1210489273071289
room-32-32-4,7,75,75,0,0.4072265625,6375,84,0.11678647994995117
room-32-32-4,8,75,75,0,0.4072265625,6600,87,0.13352656364440918
room-32-32-4,9,75,75,0,0.4072265625,7275,96,0.13826346397399902
room-32-32-4,10,75,75,0,0.4072265625,6975,92,0.13161420822143555
room-32-32-4,11,75,75,0,0.4072265625,7125,94,0.13335347175598145
room-32-32-4,12,75,75,0,0.4072265625,7425,98,0.14621186256408691
room-32-32-4,13,75,75,0,0.4072265625,6075,80,0.12540316581726074
room-32-32-4,14,75,75,0,0.4072265625,6150,81,0.11816835403442383
room-32-32-4,15,75,75,0,0.4072265625,6225,82,0.11278271675109863
room-32-32-4,16,75,75,0,0.4072265625,6675,88,0.12735605239868164
room-32-32-4,17,75,75,0,0.4072265625,7200,95,0.12931251525878906
room-32-32-4,18,75,75,0,0.4072265625,7425,98,0.14330649375915527
room-32-32-4,19,75,75,0,0.4072265625,6375,84,0.1261429786682129
room-32-32-4,20,75,75,0,0.4072265625,7200,95,0.13943982124328613
room-32-32-4,21,75,75,0,0.4072265625,6600,87,0.12942028045654297
room-32-32-4,22,75,75,0,0.4072265625,6075,80,0.13208484649658203
room-32-32-4,23,75,75,0,0.4072265625,6900,91,0.13901996612548828
room-32-32-4,24,75,75,0,0.4072265625,8025,106,0.1422286033630371
room-32-32-4,25,75,75,0,0.4072265625,7275,96,0.13044381141662598
room-32-32-4,1,100,75,25,0.431640625,8800,87,0.16077280044555664
room-32-32-4,2,100,75,25,0.431640625,8100,80,0.14960336685180664
room-32-32-4,3,100,75,25,0.431640625,9700,96,0.17724013328552246
room-32-32-4,4,100,75,25,0.431640625,9800,97,0.16319775581359863
room-32-32-4,5,100,75,25,0.431640625,9600,95,0.15915274620056152
room-32-32-4,6,100,75,25,0.431640625,8300,82,0.13925647735595703
room-32-32-4,7,100,75,25,0.431640625,9600,95,0.15350699424743652
room-32-32-4,8,100,75,25,0.431640625,9900,98,0.17193222045898438
room-32-32-4,9,100,75,25,0.431640625,9400,93,0.1686697006225586
room-32-32-4,10,100,75,25,0.431640625,8500,84,0.1543264389038086
room-32-32-4,11,100,75,25,0.431640625,11800,117,0.18931341171264648
room-32-32-4,12,100,75,25,0.431640625,9500,94,0.17580556869506836
room-32-32-4,13,100,75,25,0.431640625,7700,76,0.15059447288513184
room-32-32-4,14,100,75,25,0.431640625,8400,83,0.14729952812194824
room-32-32-4,15,100,75,25,0.431640625,8500,84,0.13991713523864746
room-32-32-4,16,100,75,25,0.431640625,9400,93,0.16813158988952637
room-32-32-4,17,100,75,25,0.431640625,9700,96,0.15856051445007324
room-32-32-4,18,100,75,25,0.431640625,11100,110,0.1858670711517334
room-32-32-4,19,100,75,25,0.431640625,7700,76,0.14864349365234375
room-32-32-4,20,100,75,25,0.431640625,11200,111,0.18319320678710938
room-32-32-4,21,100,75,25,0.431640625,8600,85,0.1514115333557129
room-32-32-4,22,100,75,25,0.431640625,9300,92,0.17248916625976562
room-32-32-4,23,100,75,25,0.431640625,9000,89,0.16669559478759766
room-32-32-4,24,100,75,25,0.431640625,10200,101,0.1703324317932129
room-32-32-4,25,100,75,25,0.431640625,11100,110,0.17603635787963867
room-32-32-4,1,125,75,50,0.4560546875,11250,89,0.18669342994689941
room-32-32-4,2,125,75,50,0.4560546875,11500,91,0.19167804718017578
room-32-32-4,3,125,75,50,0.4560546875,13375,106,0.22822833061218262
room-32-32-4,4,125,75,50,0.4560546875,11000,87,0.1780719757080078
room-32-32-4,5,125,75,50,0.4560546875,11875,94,0.1832261085510254
room-32-32-4,6,125,75,50,0.4560546875,10000,79,0.15854716300964355
room-32-32-4,7,125,75,50,0.4560546875,13750,109,0.19234967231750488
room-32-32-4,8,125,75,50,0.4560546875,11750,93,0.19845342636108398
room-32-32-4,9,125,75,50,0.4560546875,11375,90,0.19444799423217773
room-32-32-4,10,125,75,50,0.4560546875,13375,106,0.20109152793884277
room-32-32-4,11,125,75,50,0.4560546875,15500,123,0.22349834442138672
room-32-32-4,12,125,75,50,0.4560546875,13250,105,0.21369624137878418
room-32-32-4,13,125,75,50,0.4560546875,11125,88,0.1847531795501709
room-32-32-4,14,125,75,50,0.4560546875,11250,89,0.1784522533416748
room-32-32-4,15,125,75,50,0.4560546875,10625,84,0.16425752639770508
room-32-32-4,16,125,75,50,0.4560546875,12750,101,0.20350098609924316
room-32-32-4,17,125,75,50,0.4560546875,11250,89,0.1818525791168213
room-32-32-4,18,125,75,50,0.4560546875,14250,113,0.2171485424041748
room-32-32-4,19,125,75,50,0.4560546875,11250,89,0.18703818321228027
room-32-32-4,20,125,75,50,0.4560546875,13875,110,0.21310043334960938
room-32-32-4,21,125,75,50,0.4560546875,12375,98,0.19605493545532227
room-32-32-4,22,125,75,50,0.4560546875,11500,91,0.19686555862426758
room-32-32-4,23,125,75,50,0.4560546875,12375,98,0.20882391929626465
room-32-32-4,24,125,75,50,0.4560546875,13375,106,0.20255208015441895
room-32-32-4,25,125,75,50,0.4560546875,13125,104,0.19306564331054688
room-32-32-4,1,150,75,75,0.48046875,16050,106,0.23276805877685547
room-32-32-4,2,150,75,75,0.48046875,15750,104,0.23215889930725098
room-32-32-4,3,150,75,75,0.48046875,14100,93,0.23794174194335938
room-32-32-4,4,150,75,75,0.48046875,14100,93,0.21903157234191895
room-32-32-4,5,150,75,75,0.48046875,15600,103,0.22208046913146973
room-32-32-4,6,150,75,75,0.48046875,13350,88,0.1971912384033203
room-32-32-4,7,150,75,75,0.48046875,13800,91,0.21771454811096191
room-32-32-4,8,150,75,75,0.48046875,14850,98,0.23212432861328125
room-32-32-4,9,150,75,75,0.48046875,12750,84,0.21175026893615723
room-32-32-4,10,150,75,75,0.48046875,15750,104,0.2281932830810547
room-32-32-4,11,150,75,75,0.48046875,19050,126,0.2687876224517822
room-32-32-4,12,150,75,75,0.48046875,16500,109,0.2600135803222656
room-32-32-4,13,150,75,75,0.48046875,15450,102,0.23101496696472168
room-32-32-4,14,150,75,75,0.48046875,13350,88,0.20256829261779785
room-32-32-4,15,150,75,75,0.48046875,19950,132,0.24737286567687988
room-32-32-4,16,150,75,75,0.48046875,19350,128,0.26198530197143555
room-32-32-4,17,150,75,75,0.48046875,16650,110,0.23516631126403809
room-32-32-4,18,150,75,75,0.48046875,16950,112,0.25034499168395996
room-32-32-4,19,150,75,75,0.48046875,12450,82,0.21238136291503906
room-32-32-4,20,150,75,75,0.48046875,16350,108,0.24459624290466309
room-32-32-4,21,150,75,75,0.48046875,14250,94,0.22508835792541504
room-32-32-4,22,150,75,75,0.48046875,13500,89,0.23579931259155273
room-32-32-4,23,150,75,75,0.48046875,17250,114,0.2549097537994385
room-32-32-4,24,150,75,75,0.48046875,13800,91,0.22027134895324707
room-32-32-4,25,150,75,75,0.48046875,16500,109,0.23308539390563965
room-32-32-4,1,175,75,100,0.5048828125,21350,121,0.2889571189880371
room-32-32-4,2,175,75,100,0.5048828125,15925,90,0.25045061111450195
room-32-32-4,3,175,75,100,0.5048828125,20125,114,0.29879093170166016
room-32-32-4,4,175,75,100,0.5048828125,16975,96,0.25007057189941406
room-32-32-4,5,175,75,100,0.5048828125,16800,95,0.24439191818237305
room-32-32-4,6,175,75,100,0.5048828125,18025,102,0.24543046951293945
room-32-32-4,7,175,75,100,0.5048828125,17850,101,0.2555077075958252
room-32-32-4,8,175,75,100,0.5048828125,18025,102,0.27713680267333984
room-32-32-4,9,175,75,100,0.5048828125,18025,102,0.2735428810119629
room-32-32-4,10,175,75,100,0.5048828125,18375,104,0.27341771125793457
room-32-32-4,11,175,75,100,0.5048828125,18025,102,0.28255629539489746
room-32-32-4,12,175,75,100,0.5048828125,17150,97,0.2711014747619629
room-32-32-4,13,175,75,100,0.5048828125,17325,98,0.2661123275756836
room-32-32-4,14,175,75,100,0.5048828125,18900,107,0.255098819732666
room-32-32-4,15,175,75,100,0.5048828125,19250,109,0.25162577629089355
room-32-32-4,16,175,75,100,0.5048828125,19775,112,0.28281211853027344
room-32-32-4,17,175,75,100,0.5048828125,19075,108,0.27495598793029785
room-32-32-4,18,175,75,100,0.5048828125,21175,120,0.2969949245452881
room-32-32-4,19,175,75,100,0.5048828125,18025,102,0.2575244903564453
room-32-32-4,20,175,75,100,0.5048828125,21175,120,0.28914880752563477
room-32-32-4,21,175,75,100,0.5048828125,22750,129,0.3051483631134033
room-32-32-4,22,175,75,100,0.5048828125,20650,117,0.291088342666626
room-32-32-4,23,175,75,100,0.5048828125,21875,124,0.3063826560974121
room-32-32-4,24,175,75,100,0.5048828125,15750,89,0.2532060146331787
room-32-32-4,25,175,75,100,0.5048828125,19775,112,0.2680227756500244
room-32-32-4,1,200,75,125,0.529296875,24000,119,0.32449889183044434
room-32-32-4,2,200,75,125,0.529296875,22600,112,0.30710887908935547
room-32-32-4,3,200,75,125,0.529296875,25200,125,0.35216212272644043
room-32-32-4,4,200,75,125,0.529296875,20400,101,0.30309247970581055
room-32-32-4,5,200,75,125,0.529296875,28400,141,0.34367966651916504
room-32-32-4,6,200,75,125,0.529296875,21600,107,0.2823152542114258
room-32-32-4,7,200,75,125,0.529296875,20000,99,0.2848978042602539
room-32-32-4,8,200,75,125,0.529296875,21200,105,0.31291675567626953
room-32-32-4,9,200,75,125,0.529296875,18800,93,0.2966341972351074
room-32-32-4,10,200,75,125,0.529296875,22200,110,0.3065197467803955
room-32-32-4,11,200,75,125,0.529296875,25200,125,0.33874058723449707
room-32-32-4,12,200,75,125,0.529296875,22200,110,0.3295876979827881
room-32-32-4,13,200,75,125,0.529296875,21400,106,0.30518221855163574
room-32-32-4,14,200,75,125,0.529296875,22200,110,0.2918398380279541
room-32-32-4,15,200,75,125,0.529296875,23000,114,0.28622007369995117
room-32-32-4,16,200,75,125,0.529296875,22800,113,0.3210453987121582
room-32-32-4,17,200,75,125,0.529296875,19800,98,0.2906959056854248
room-32-32-4,18,200,75,125,0.529296875,25400,126,0.35314249992370605
room-32-32-4,19,200,75,125,0.529296875,17400,86,0.26995158195495605
room-32-32-4,20,200,75,125,0.529296875,24400,121,0.3298611640930176
room-32-32-4,21,200,75,125,0.529296875,24200,120,0.3277900218963623
room-32-32-4,22,200,75,125,0.529296875,18000,89,0.28664135932922363
room-32-32-4,23,200,75,125,0.529296875,24400,121,0.3380563259124756
room-32-32-4,24,200,75,125,0.529296875,21800,108,0.30578041076660156
room-32-32-4,25,200,75,125,0.529296875,24000,119,0.32508420944213867
room-32-32-4,1,225,75,150,0.5537109375,29700,131,0.378948450088501
room-32-32-4,2,225,75,150,0.5537109375,27225,120,0.36859774589538574
room-32-32-4,3,225,75,150,0.5537109375,27900,123,0.39302825927734375
room-32-32-4,4,225,75,150,0.5537109375,29025,128,0.3641388416290283
room-32-32-4,5,225,75,150,0.5537109375,24525,108,0.33024048805236816
room-32-32-4,6,225,75,150,0.5537109375,23850,105,0.3171536922454834
room-32-32-4,7,225,75,150,0.5537109375,28800,127,0.36029863357543945
room-32-32-4,8,225,75,150,0.5537109375,22725,100,0.35066938400268555
room-32-32-4,9,225,75,150,0.5537109375,28350,125,0.3782155513763428
room-32-32-4,10,225,75,150,0.5537109375,22950,101,0.3389592170715332
room-32-32-4,11,225,75,150,0.5537109375,30375,134,0.3792850971221924
room-32-32-4,12,225,75,150,0.5537109375,24075,106,0.3608267307281494
room-32-32-4,13,225,75,150,0.5537109375,25650,113,0.34505653381347656
room-32-32-4,14,225,75,150,0.5537109375,23850,105,0.31801509857177734
room-32-32-4,15,225,75,150,0.5537109375,36225,160,0.39483213424682617
room-32-32-4,16,225,75,150,0.5537109375,27225,120,0.37635326385498047
room-32-32-4,17,225,75,150,0.5537109375,25650,113,0.3438234329223633
room-32-32-4,18,225,75,150,0.5537109375,29925,132,0.4001772403717041
room-32-32-4,19,225,75,150,0.5537109375,24075,106,0.3317265510559082
room-32-32-4,20,225,75,150,0.5537109375,26325,116,0.3550601005554199
room-32-32-4,21,225,75,150,0.5537109375,24300,107,0.3354063034057617
room-32-32-4,22,225,75,150,0.5537109375,28125,124,0.39280271530151367
room-32-32-4,23,225,75,150,0.5537109375,26775,118,0.36621546745300293
room-32-32-4,24,225,75,150,0.5537109375,28575,126,0.38620996475219727
room-32-32-4,25,225,75,150,0.5537109375,28125,124,0.3596642017364502
room-32-32-4,1,100,100,0,0.431640625,10200,101,0.21207547187805176
room-32-32-4,2,100,100,0,0.431640625,10900,108,0.23458290100097656
room-32-32-4,3,100,100,0,0.431640625,11400,113,0.2349381446838379
room-32-32-4,4,100,100,0,0.431640625,9900,98,0.20705223083496094
room-32-32-4,5,100,100,0,0.431640625,12000,119,0.23627209663391113
room-32-32-4,6,100,100,0,0.431640625,10100,100,0.21024727821350098
room-32-32-4,7,100,100,0,0.431640625,9200,91,0.18394851684570312
room-32-32-4,8,100,100,0,0.431640625,10400,103,0.21633648872375488
room-32-32-4,9,100,100,0,0.431640625,10300,102,0.21613812446594238
room-32-32-4,10,100,100,0,0.431640625,11800,117,0.2498176097869873
room-32-32-4,11,100,100,0,0.431640625,13400,133,0.26009583473205566
room-32-32-4,12,100,100,0,0.431640625,13100,130,0.24839019775390625
room-32-32-4,13,100,100,0,0.431640625,10100,100,0.22695398330688477
room-32-32-4,14,100,100,0,0.431640625,9800,97,0.20023703575134277
room-32-32-4,15,100,100,0,0.431640625,9600,95,0.20197772979736328
room-32-32-4,16,100,100,0,0.431640625,11300,112,0.22099518775939941
room-32-32-4,17,100,100,0,0.431640625,12000,119,0.22747588157653809
room-32-32-4,18,100,100,0,0.431640625,12200,121,0.2423079013824463
room-32-32-4,19,100,100,0,0.431640625,9800,97,0.21691250801086426
room-32-32-4,20,100,100,0,0.431640625,12300,122,0.23700928688049316
room-32-32-4,21,100,100,0,0.431640625,10500,104,0.21770811080932617
room-32-32-4,22,100,100,0,0.431640625,9900,98,0.23373913764953613
room-32-32-4,23,100,100,0,0.431640625,11100,110,0.2366490364074707
room-32-32-4,24,100,100,0,0.431640625,10700,106,0.22830605506896973
room-32-32-4,25,100,100,0,0.431640625,12800,127,0.23873114585876465
room-32-32-4,1,125,100,25,0.4560546875,12500,99,0.2463521957397461
room-32-32-4,2,125,100,25,0.4560546875,13125,104,0.26138877868652344
room-32-32-4,3,125,100,25,0.4560546875,14625,116,0.2730214595794678
room-32-32-4,4,125,100,25,0.4560546875,13875,110,0.25377964973449707
room-32-32-4,5,125,100,25,0.4560546875,17125,136,0.2822868824005127
room-32-32-4,6,125,100,25,0.4560546875,13250,105,0.24750447273254395
room-32-32-4,7,125,100,25,0.4560546875,12250,97,0.2233724594116211
room-32-32-4,8,125,100,25,0.4560546875,15625,124,0.2869529724121094
room-32-32-4,9,125,100,25,0.4560546875,12250,97,0.25360918045043945
room-32-32-4,10,125,100,25,0.4560546875,14750,117,0.2861173152923584
room-32-32-4,11,125,100,25,0.4560546875,16125,128,0.2888782024383545
room-32-32-4,12,125,100,25,0.4560546875,14875,118,0.28936266899108887
room-32-32-4,13,125,100,25,0.4560546875,14250,113,0.2721867561340332
room-32-32-4,14,125,100,25,0.4560546875,13125,104,0.24051928520202637
room-32-32-4,15,125,100,25,0.4560546875,10625,84,0.2162179946899414
room-32-32-4,16,125,100,25,0.4560546875,14625,116,0.26969289779663086
room-32-32-4,17,125,100,25,0.4560546875,14875,118,0.2684919834136963
room-32-32-4,18,125,100,25,0.4560546875,16625,132,0.2904982566833496
room-32-32-4,19,125,100,25,0.4560546875,13625,108,0.2595388889312744
room-32-32-4,20,125,100,25,0.4560546875,15875,126,0.28602051734924316
room-32-32-4,21,125,100,25,0.4560546875,13000,103,0.26070642471313477
room-32-32-4,22,125,100,25,0.4560546875,14500,115,0.2890625
room-32-32-4,23,125,100,25,0.4560546875,15375,122,0.2843308448791504
room-32-32-4,24,125,100,25,0.4560546875,15000,119,0.2829477787017822
room-32-32-4,25,125,100,25,0.4560546875,15500,123,0.2835395336151123
room-32-32-4,1,150,100,50,0.48046875,18600,123,0.31871557235717773
room-32-32-4,2,150,100,50,0.48046875,16650,110,0.30091214179992676
room-32-32-4,3,150,100,50,0.48046875,18900,125,0.3339376449584961
room-32-32-4,4,150,100,50,0.48046875,15900,105,0.2786986827850342
room-32-32-4,5,150,100,50,0.48046875,19050,126,0.31482768058776855
room-32-32-4,6,150,100,50,0.48046875,16200,107,0.28986072540283203
room-32-32-4,7,150,100,50,0.48046875,16650,110,0.2740485668182373
room-32-32-4,8,150,100,50,0.48046875,17250,114,0.3177604675292969
room-32-32-4,9,150,100,50,0.48046875,18000,119,0.31691813468933105
room-32-32-4,10,150,100,50,0.48046875,17100,113,0.32465505599975586
room-32-32-4,11,150,100,50,0.48046875,19800,131,0.3366219997406006
room-32-32-4,12,150,100,50,0.48046875,21750,144,0.3760502338409424
room-32-32-4,13,150,100,50,0.48046875,15900,105,0.3114593029022217
room-32-32-4,14,150,100,50,0.48046875,17100,113,0.2937438488006592
room-32-32-4,15,150,100,50,0.48046875,15150,100,0.2729806900024414
room-32-32-4,16,150,100,50,0.48046875,15750,104,0.30063390731811523
room-32-32-4,17,150,100,50,0.48046875,16050,106,0.28862977027893066
room-32-32-4,18,150,100,50,0.48046875,19800,131,0.3340015411376953
room-32-32-4,19,150,100,50,0.48046875,16950,112,0.30437660217285156
room-32-32-4,20,150,100,50,0.48046875,26400,175,0.3923053741455078
room-32-32-4,21,150,100,50,0.48046875,17700,117,0.30876588821411133
room-32-32-4,22,150,100,50,0.48046875,19500,129,0.34156060218811035
room-32-32-4,23,150,100,50,0.48046875,19650,130,0.34255242347717285
room-32-32-4,24,150,100,50,0.48046875,18450,122,0.32248783111572266
room-32-32-4,25,150,100,50,0.48046875,21450,142,0.34248828887939453
room-32-32-4,1,175,100,75,0.5048828125,23625,134,0.3805530071258545
room-32-32-4,2,175,100,75,0.5048828125,21175,120,0.3622462749481201
room-32-32-4,3,175,100,75,0.5048828125,19775,112,0.36205625534057617
room-32-32-4,4,175,100,75,0.5048828125,20475,116,0.34116601943969727
room-32-32-4,5,175,100,75,0.5048828125,24500,139,0.383131742477417
room-32-32-4,6,175,100,75,0.5048828125,19775,112,0.3337233066558838
room-32-32-4,7,175,100,75,0.5048828125,18025,102,0.3083169460296631
room-32-32-4,8,175,100,75,0.5048828125,23975,136,0.3854401111602783
room-32-32-4,9,175,100,75,0.5048828125,27650,157,0.4111323356628418
room-32-32-4,10,175,100,75,0.5048828125,25375,144,0.4119284152984619
room-32-32-4,11,175,100,75,0.5048828125,26250,149,0.4304802417755127
room-32-32-4,12,175,100,75,0.5048828125,25025,142,0.4334545135498047
room-32-32-4,13,175,100,75,0.5048828125,19600,111,0.36156249046325684
room-32-32-4,14,175,100,75,0.5048828125,19075,108,0.335768461227417
room-32-32-4,15,175,100,75,0.5048828125,21875,124,0.3446986675262451
room-32-32-4,16,175,100,75,0.5048828125,21350,121,0.36822032928466797
room-32-32-4,17,175,100,75,0.5048828125,26950,153,0.41080236434936523
room-32-32-4,18,175,100,75,0.5048828125,21350,121,0.37316274642944336
room-32-32-4,19,175,100,75,0.5048828125,19775,112,0.35039758682250977
room-32-32-4,20,175,100,75,0.5048828125,25900,147,0.4096558094024658
room-32-32-4,21,175,100,75,0.5048828125,21350,121,0.3710212707519531
room-32-32-4,22,175,100,75,0.5048828125,20300,115,0.378817081451416
room-32-32-4,23,175,100,75,0.5048828125,24675,140,0.4047694206237793
room-32-32-4,24,175,100,75,0.5048828125,19075,108,0.3579275608062744
room-32-32-4,25,175,100,75,0.5048828125,23625,134,0.3799912929534912
room-32-32-4,1,200,100,100,0.529296875,29400,146,0.43801331520080566
room-32-32-4,2,200,100,100,0.529296875,30800,153,0.47020888328552246
room-32-32-4,3,200,100,100,0.529296875,23400,116,0.4295177459716797
room-32-32-4,4,200,100,100,0.529296875,26000,129,0.3964860439300537
room-32-32-4,5,200,100,100,0.529296875,25600,127,0.41481542587280273
room-32-32-4,6,200,100,100,0.529296875,23400,116,0.38311123847961426
room-32-32-4,7,200,100,100,0.529296875,27000,134,0.39252161979675293
room-32-32-4,8,200,100,100,0.529296875,24600,122,0.411529541015625
room-32-32-4,9,200,100,100,0.529296875,34000,169,0.48970913887023926
room-32-32-4,10,200,100,100,0.529296875,27600,137,0.4516282081604004
room-32-32-4,11,200,100,100,0.529296875,32000,159,0.4931313991546631
room-32-32-4,12,200,100,100,0.529296875,33400,166,0.5182285308837891
room-32-32-4,13,200,100,100,0.529296875,30800,153,0.46172404289245605
room-32-32-4,14,200,100,100,0.529296875,23800,118,0.38335561752319336
room-32-32-4,15,200,100,100,0.529296875,24400,121,0.39377379417419434
room-32-32-4,16,200,100,100,0.529296875,25400,126,0.41133856773376465
room-32-32-4,17,200,100,100,0.529296875,26400,131,0.4162163734436035
room-32-32-4,18,200,100,100,0.529296875,24200,120,0.4216580390930176
room-32-32-4,19,200,100,100,0.529296875,26600,132,0.39923620223999023
room-32-32-4,20,200,100,100,0.529296875,30800,153,0.4609036445617676
room-32-32-4,21,200,100,100,0.529296875,28800,143,0.44127321243286133
room-32-32-4,22,200,100,100,0.529296875,26800,133,0.42864418029785156
room-32-32-4,23,200,100,100,0.529296875,28200,140,0.45622897148132324
room-32-32-4,24,200,100,100,0.529296875,24600,122,0.4325888156890869
room-32-32-4,25,200,100,100,0.529296875,29800,148,0.44891881942749023
room-32-32-4,1,225,100,125,0.5537109375,27450,121,0.4504716396331787
room-32-32-4,2,225,100,125,0.5537109375,27900,123,0.4534459114074707
room-32-32-4,3,225,100,125,0.5537109375,33300,147,0.5147640705108643
room-32-32-4,4,225,100,125,0.5537109375,27675,122,0.4509453773498535
room-32-32-4,5,225,100,125,0.5537109375,36450,161,0.5024783611297607
room-32-32-4,6,225,100,125,0.5537109375,30825,136,0.4641542434692383
room-32-32-4,7,225,100,125,0.5537109375,30150,133,0.4322545528411865
room-32-32-4,8,225,100,125,0.5537109375,26550,117,0.4513726234436035
room-32-32-4,9,225,100,125,0.5537109375,29925,132,0.4782135486602783
room-32-32-4,10,225,100,125,0.5537109375,31275,138,0.5063948631286621
room-32-32-4,11,225,100,125,0.5537109375,31500,139,0.4936349391937256
room-32-32-4,12,225,100,125,0.5537109375,31725,140,0.5138599872589111
room-32-32-4,13,225,100,125,0.5537109375,32400,143,0.5028853416442871
room-32-32-4,14,225,100,125,0.5537109375,30150,133,0.4597198963165283
room-32-32-4,15,225,100,125,0.5537109375,,,
room-32-32-4,16,225,100,125,0.5537109375,27450,121,0.4603700637817383
room-32-32-4,17,225,100,125,0.5537109375,30600,135,0.46598076820373535
room-32-32-4,18,225,100,125,0.5537109375,,,
room-32-32-4,19,225,100,125,0.5537109375,24750,109,0.4129037857055664
room-32-32-4,20,225,100,125,0.5537109375,42075,186,0.5513536930084229
room-32-32-4,21,225,100,125,0.5537109375,29925,132,0.47403836250305176
room-32-32-4,22,225,100,125,0.5537109375,29250,129,0.4777510166168213
room-32-32-4,23,225,100,125,0.5537109375,36450,161,0.5127513408660889
room-32-32-4,24,225,100,125,0.5537109375,35550,157,0.535815954208374
room-32-32-4,25,225,100,125,0.5537109375,30375,134,0.47367000579833984
room-32-32-4,1,250,100,150,0.578125,37500,149,0.5382318496704102
room-32-32-4,2,250,100,150,0.578125,33000,131,0.5076782703399658
room-32-32-4,3,250,100,150,0.578125,38750,154,0.5715305805206299
room-32-32-4,4,250,100,150,0.578125,30750,122,0.478257417678833
room-32-32-4,5,250,100,150,0.578125,44750,178,0.6052505970001221
room-32-32-4,6,250,100,150,0.578125,31750,126,0.4903526306152344
room-32-32-4,7,250,100,150,0.578125,39000,155,0.5246455669403076
room-32-32-4,8,250,100,150,0.578125,34500,137,0.5305685997009277
room-32-32-4,9,250,100,150,0.578125,39000,155,0.5391898155212402
room-32-32-4,10,250,100,150,0.578125,39500,157,0.5922863483428955
room-32-32-4,11,250,100,150,0.578125,45250,180,0.6227302551269531
room-32-32-4,12,250,100,150,0.578125,40250,160,0.5748550891876221
room-32-32-4,13,250,100,150,0.578125,39250,156,0.5624608993530273
room-32-32-4,14,250,100,150,0.578125,33250,132,0.4928321838378906
room-32-32-4,15,250,100,150,0.578125,41500,165,0.5488681793212891
room-32-32-4,16,250,100,150,0.578125,31750,126,0.5003819465637207
room-32-32-4,17,250,100,150,0.578125,41250,164,0.5399112701416016
room-32-32-4,18,250,100,150,0.578125,34500,137,0.5180766582489014
room-32-32-4,19,250,100,150,0.578125,32000,127,0.48494696617126465
room-32-32-4,20,250,100,150,0.578125,40500,161,0.5599870681762695
room-32-32-4,21,250,100,150,0.578125,40250,160,0.5656263828277588
room-32-32-4,22,250,100,150,0.578125,36500,145,0.5502943992614746
room-32-32-4,23,250,100,150,0.578125,33500,133,0.5052065849304199
room-32-32-4,24,250,100,150,0.578125,36250,144,0.56103515625
room-32-32-4,25,250,100,150,0.578125,38500,153,0.5628278255462646
room-32-32-4,1,125,125,0,0.4560546875,14250,113,0.31940388679504395
room-32-32-4,2,125,125,0,0.4560546875,15250,121,0.3596634864807129
room-32-32-4,3,125,125,0,0.4560546875,15625,124,0.345700740814209
room-32-32-4,4,125,125,0,0.4560546875,16250,129,0.3235769271850586
room-32-32-4,5,125,125,0,0.4560546875,17500,139,0.35538434982299805
room-32-32-4,6,125,125,0,0.4560546875,15500,123,0.319566011428833
room-32-32-4,7,125,125,0,0.4560546875,15125,120,0.30335497856140137
room-32-32-4,8,125,125,0,0.4560546875,16750,133,0.34652280807495117
room-32-32-4,9,125,125,0,0.4560546875,14250,113,0.3231527805328369
room-32-32-4,10,125,125,0,0.4560546875,17125,136,0.37686777114868164
room-32-32-4,11,125,125,0,0.4560546875,17250,137,0.3857896327972412
room-32-32-4,12,125,125,0,0.4560546875,19125,152,0.3733940124511719
room-32-32-4,13,125,125,0,0.4560546875,12875,102,0.3202085494995117
room-32-32-4,14,125,125,0,0.4560546875,14625,116,0.31151795387268066
room-32-32-4,15,125,125,0,0.4560546875,13750,109,0.2905240058898926
room-32-32-4,16,125,125,0,0.4560546875,17000,135,0.35167503356933594
room-32-32-4,17,125,125,0,0.4560546875,15500,123,0.3221564292907715
room-32-32-4,18,125,125,0,0.4560546875,18375,146,0.3852884769439697
room-32-32-4,19,125,125,0,0.4560546875,15500,123,0.34002208709716797
room-32-32-4,20,125,125,0,0.4560546875,17750,141,0.36571288108825684
room-32-32-4,21,125,125,0,0.4560546875,14500,115,0.3275117874145508
room-32-32-4,22,125,125,0,0.4560546875,15625,124,0.37354516983032227
room-32-32-4,23,125,125,0,0.4560546875,16000,127,0.3582005500793457
room-32-32-4,24,125,125,0,0.4560546875,18000,143,0.36058926582336426
room-32-32-4,25,125,125,0,0.4560546875,18375,146,0.3933122158050537
room-32-32-4,1,150,125,25,0.48046875,19650,130,0.3873558044433594
room-32-32-4,2,150,125,25,0.48046875,18750,124,0.41611504554748535
room-32-32-4,3,150,125,25,0.48046875,21300,141,0.4131016731262207
room-32-32-4,4,150,125,25,0.48046875,19950,132,0.3705630302429199
room-32-32-4,5,150,125,25,0.48046875,19950,132,0.39627861976623535
room-32-32-4,6,150,125,25,0.48046875,19350,128,0.38802361488342285
room-32-32-4,7,150,125,25,0.48046875,19200,127,0.35767650604248047
room-32-32-4,8,150,125,25,0.48046875,21000,139,0.4197719097137451
room-32-32-4,9,150,125,25,0.48046875,18900,125,0.3869209289550781
room-32-32-4,10,150,125,25,0.48046875,22200,147,0.44942188262939453
room-32-32-4,11,150,125,25,0.48046875,21000,139,0.4173457622528076
room-32-32-4,12,150,125,25,0.48046875,22650,150,0.45824313163757324
room-32-32-4,13,150,125,25,0.48046875,19950,132,0.4103727340698242
room-32-32-4,14,150,125,25,0.48046875,20550,136,0.3801429271697998
room-32-32-4,15,150,125,25,0.48046875,16500,109,0.3360631465911865
room-32-32-4,16,150,125,25,0.48046875,21900,145,0.42833781242370605
room-32-32-4,17,150,125,25,0.48046875,24150,160,0.4266171455383301
room-32-32-4,18,150,125,25,0.48046875,22650,150,0.44962358474731445
room-32-32-4,19,150,125,25,0.48046875,19200,127,0.3852720260620117
room-32-32-4,20,150,125,25,0.48046875,21750,144,0.42192816734313965
room-32-32-4,21,150,125,25,0.48046875,20100,133,0.39348459243774414
room-32-32-4,22,150,125,25,0.48046875,20700,137,0.420565128326416
room-32-32-4,23,150,125,25,0.48046875,20100,133,0.4262208938598633
room-32-32-4,24,150,125,25,0.48046875,22800,151,0.43323516845703125
room-32-32-4,25,150,125,25,0.48046875,22200,147,0.43905019760131836
room-32-32-4,1,175,125,50,0.5048828125,23450,133,0.4311850070953369
room-32-32-4,2,175,125,50,0.5048828125,21875,124,0.4714834690093994
room-32-32-4,3,175,125,50,0.5048828125,25550,145,0.49226856231689453
room-32-32-4,4,175,125,50,0.5048828125,21525,122,0.4126722812652588
room-32-32-4,5,175,125,50,0.5048828125,24325,138,0.4713273048400879
room-32-32-4,6,175,125,50,0.5048828125,25550,145,0.46839308738708496
room-32-32-4,7,175,125,50,0.5048828125,22225,126,0.4158186912536621
room-32-32-4,8,175,125,50,0.5048828125,26600,151,0.5196759700775146
room-32-32-4,9,175,125,50,0.5048828125,22050,125,0.44423437118530273
room-32-32-4,10,175,125,50,0.5048828125,25375,144,0.4936237335205078
room-32-32-4,11,175,125,50,0.5048828125,23800,135,0.4725461006164551
room-32-32-4,12,175,125,50,0.5048828125,30275,172,0.5318794250488281
room-32-32-4,13,175,125,50,0.5048828125,21350,121,0.4630739688873291
room-32-32-4,14,175,125,50,0.5048828125,27825,158,0.4690365791320801
room-32-32-4,15,175,125,50,0.5048828125,21175,120,0.40041208267211914
room-32-32-4,16,175,125,50,0.5048828125,23975,136,0.44857120513916016
room-32-32-4,17,175,125,50,0.5048828125,24325,138,0.45215654373168945
room-32-32-4,18,175,125,50,0.5048828125,28700,163,0.5173182487487793
room-32-32-4,19,175,125,50,0.5048828125,25550,145,0.47109341621398926
room-32-32-4,20,175,125,50,0.5048828125,28525,162,0.5105106830596924
room-32-32-4,21,175,125,50,0.5048828125,22925,130,0.4352133274078369
room-32-32-4,22,175,125,50,0.5048828125,22400,127,0.4658355712890625
room-32-32-4,23,175,125,50,0.5048828125,25200,143,0.47483253479003906
room-32-32-4,24,175,125,50,0.5048828125,34475,196,0.5418970584869385
room-32-32-4,25,175,125,50,0.5048828125,28350,161,0.5389764308929443
room-32-32-4,1,200,125,75,0.529296875,29200,145,0.4999852180480957
room-32-32-4,2,200,125,75,0.529296875,29600,147,0.5631790161132812
room-32-32-4,3,200,125,75,0.529296875,28600,142,0.5480496883392334
room-32-32-4,4,200,125,75,0.529296875,30600,152,0.49768638610839844
room-32-32-4,5,200,125,75,0.529296875,31400,156,0.5508420467376709
room-32-32-4,6,200,125,75,0.529296875,31200,155,0.5163455009460449
room-32-32-4,7,200,125,75,0.529296875,28800,143,0.4941422939300537
room-32-32-4,8,200,125,75,0.529296875,33600,167,0.5856881141662598
room-32-32-4,9,200,125,75,0.529296875,35400,176,0.5829968452453613
room-32-32-4,10,200,125,75,0.529296875,28200,140,0.5596628189086914
room-32-32-4,11,200,125,75,0.529296875,30600,152,0.5815103054046631
room-32-32-4,12,200,125,75,0.529296875,39200,195,0.6632688045501709
room-32-32-4,13,200,125,75,0.529296875,25000,124,0.5149290561676025
room-32-32-4,14,200,125,75,0.529296875,29800,148,0.5150878429412842
room-32-32-4,15,200,125,75,0.529296875,30000,149,0.5000457763671875
room-32-32-4,16,200,125,75,0.529296875,36800,183,0.5955135822296143
room-32-32-4,17,200,125,75,0.529296875,29400,146,0.5190293788909912
room-32-32-4,18,200,125,75,0.529296875,41200,205,0.6760931015014648
room-32-32-4,19,200,125,75,0.529296875,27800,138,0.5131120681762695
room-32-32-4,20,200,125,75,0.529296875,37800,188,0.599952220916748
room-32-32-4,21,200,125,75,0.529296875,31200,155,0.5432579517364502
room-32-32-4,22,200,125,75,0.529296875,27400,136,0.5437641143798828
room-32-32-4,23,200,125,75,0.529296875,28000,139,0.5463681221008301
room-32-32-4,24,200,125,75,0.529296875,39400,196,0.6256318092346191
room-32-32-4,25,200,125,75,0.529296875,31600,157,0.5845592021942139
room-32-32-4,1,225,125,100,0.5537109375,41625,184,0.6230654716491699
room-32-32-4,2,225,125,100,0.5537109375,36000,159,0.6425938606262207
room-32-32-4,3,225,125,100,0.5537109375,36675,162,0.6515374183654785
room-32-32-4,4,225,125,100,0.5537109375,39150,173,0.6145856380462646
room-32-32-4,5,225,125,100,0.5537109375,31500,139,0.5889797210693359
room-32-32-4,6,225,125,100,0.5537109375,30600,135,0.5399134159088135
room-32-32-4,7,225,125,100,0.5537109375,31500,139,0.5665891170501709
room-32-32-4,8,225,125,100,0.5537109375,32175,142,0.5981495380401611
room-32-32-4,9,225,125,100,0.5537109375,36000,159,0.6394414901733398
room-32-32-4,10,225,125,100,0.5537109375,44100,195,0.7199442386627197
room-32-32-4,11,225,125,100,0.5537109375,41400,183,0.6903438568115234
room-32-32-4,12,225,125,100,0.5537109375,40500,179,0.7089047431945801
room-32-32-4,13,225,125,100,0.5537109375,31950,141,0.5822677612304688
room-32-32-4,14,225,125,100,0.5537109375,56475,250,0.7440483570098877
room-32-32-4,15,225,125,100,0.5537109375,45450,201,0.6656968593597412
room-32-32-4,16,225,125,100,0.5537109375,38025,168,0.6312694549560547
room-32-32-4,17,225,125,100,0.5537109375,36000,159,0.5934383869171143
room-32-32-4,18,225,125,100,0.5537109375,38475,170,0.676335334777832
room-32-32-4,19,225,125,100,0.5537109375,33750,149,0.5768709182739258
room-32-32-4,20,225,125,100,0.5537109375,40275,178,0.6766355037689209
room-32-32-4,21,225,125,100,0.5537109375,31500,139,0.5783841609954834
room-32-32-4,22,225,125,100,0.5537109375,35775,158,0.6249825954437256
room-32-32-4,23,225,125,100,0.5537109375,39375,174,0.6582679748535156
room-32-32-4,24,225,125,100,0.5537109375,56700,251,0.7637951374053955
room-32-32-4,25,225,125,100,0.5537109375,36000,159,0.6339044570922852
room-32-32-4,1,250,125,125,0.578125,41000,163,0.6517019271850586
room-32-32-4,2,250,125,125,0.578125,43500,173,0.7366747856140137
room-32-32-4,3,250,125,125,0.578125,47500,189,0.7440779209136963
room-32-32-4,4,250,125,125,0.578125,41250,164,0.6495010852813721
room-32-32-4,5,250,125,125,0.578125,45000,179,0.7461690902709961
room-32-32-4,6,250,125,125,0.578125,37250,148,0.6215190887451172
room-32-32-4,7,250,125,125,0.578125,48500,193,0.7372438907623291
room-32-32-4,8,250,125,125,0.578125,36750,146,0.6713364124298096
room-32-32-4,9,250,125,125,0.578125,45750,182,0.722151517868042
room-32-32-4,10,250,125,125,0.578125,45750,182,0.7885410785675049
room-32-32-4,11,250,125,125,0.578125,41500,165,0.7391750812530518
room-32-32-4,12,250,125,125,0.578125,40750,162,0.7183871269226074
room-32-32-4,13,250,125,125,0.578125,38500,153,0.7131438255310059
room-32-32-4,14,250,125,125,0.578125,41500,165,0.6786801815032959
room-32-32-4,15,250,125,125,0.578125,49750,198,0.723945140838623
room-32-32-4,16,250,125,125,0.578125,43500,173,0.6998291015625
room-32-32-4,17,250,125,125,0.578125,42250,168,0.675323486328125
room-32-32-4,18,250,125,125,0.578125,70000,279,0.9335362911224365
room-32-32-4,19,250,125,125,0.578125,40000,159,0.6631758213043213
room-32-32-4,20,250,125,125,0.578125,56250,224,0.7831223011016846
room-32-32-4,21,250,125,125,0.578125,37250,148,0.6683657169342041
room-32-32-4,22,250,125,125,0.578125,42500,169,0.7299644947052002
room-32-32-4,23,250,125,125,0.578125,49750,198,0.773085355758667
room-32-32-4,24,250,125,125,0.578125,43000,171,0.7135319709777832
room-32-32-4,25,250,125,125,0.578125,42000,167,0.7425148487091064
room-32-32-4,1,275,125,150,0.6025390625,66000,239,0.8840343952178955
room-32-32-4,2,275,125,150,0.6025390625,59125,214,0.8746509552001953
room-32-32-4,3,275,125,150,0.6025390625,55550,201,0.8396844863891602
room-32-32-4,4,275,125,150,0.6025390625,48125,174,0.7364060878753662
room-32-32-4,5,275,125,150,0.6025390625,52800,191,0.8312594890594482
room-32-32-4,6,275,125,150,0.6025390625,43725,158,0.7008798122406006
room-32-32-4,7,275,125,150,0.6025390625,49500,179,0.7350821495056152
room-32-32-4,8,275,125,150,0.6025390625,55550,201,0.7965083122253418
room-32-32-4,9,275,125,150,0.6025390625,51150,185,0.7984521389007568
room-32-32-4,10,275,125,150,0.6025390625,51700,187,0.8393018245697021
room-32-32-4,11,275,125,150,0.6025390625,57200,207,0.9073638916015625
room-32-32-4,12,275,125,150,0.6025390625,52800,191,0.8567080497741699
room-32-32-4,13,275,125,150,0.6025390625,40150,145,0.7229204177856445
room-32-32-4,14,275,125,150,0.6025390625,52250,189,0.7928111553192139
room-32-32-4,15,275,125,150,0.6025390625,40425,146,0.6765341758728027
room-32-32-4,16,275,125,150,0.6025390625,49500,179,0.7869377136230469
room-32-32-4,17,275,125,150,0.6025390625,44000,159,0.724043607711792
room-32-32-4,18,275,125,150,0.6025390625,64900,235,0.9104797840118408
room-32-32-4,19,275,125,150,0.6025390625,43725,158,0.7103493213653564
room-32-32-4,20,275,125,150,0.6025390625,72600,263,0.9597759246826172
room-32-32-4,21,275,125,150,0.6025390625,57475,208,0.86435866355896
room-32-32-4,22,275,125,150,0.6025390625,49775,180,0.8280928134918213
room-32-32-4,23,275,125,150,0.6025390625,56375,204,0.8620250225067139
room-32-32-4,24,275,125,150,0.6025390625,,,
room-32-32-4,25,275,125,150,0.6025390625,44275,160,0.7965099811553955
room-32-32-4,1,150,150,0,0.48046875,20550,136,0.4602477550506592
room-32-32-4,2,150,150,0,0.48046875,22350,148,0.5454297065734863
room-32-32-4,3,150,150,0,0.48046875,22500,149,0.5292196273803711
room-32-32-4,4,150,150,0,0.48046875,19800,131,0.42397356033325195
room-32-32-4,5,150,150,0,0.48046875,28050,186,0.5623235702514648
room-32-32-4,6,150,150,0,0.48046875,21150,140,0.48374462127685547
room-32-32-4,7,150,150,0,0.48046875,22950,152,0.48378753662109375
room-32-32-4,8,150,150,0,0.48046875,22800,151,0.5101759433746338
room-32-32-4,9,150,150,0,0.48046875,20850,138,0.4927682876586914
room-32-32-4,10,150,150,0,0.48046875,22950,152,0.5346171855926514
room-32-32-4,11,150,150,0,0.48046875,23850,158,0.5526773929595947
room-32-32-4,12,150,150,0,0.48046875,23700,157,0.5366528034210205
room-32-32-4,13,150,150,0,0.48046875,23700,157,0.4975697994232178
room-32-32-4,14,150,150,0,0.48046875,24600,163,0.5049724578857422
room-32-32-4,15,150,150,0,0.48046875,20850,138,0.46387386322021484
room-32-32-4,16,150,150,0,0.48046875,23250,154,0.5222375392913818
room-32-32-4,17,150,150,0,0.48046875,20850,138,0.4776575565338135
room-32-32-4,18,150,150,0,0.48046875,22500,149,0.5147168636322021
room-32-32-4,19,150,150,0,0.48046875,22350,148,0.5160839557647705
room-32-32-4,20,150,150,0,0.48046875,26250,174,0.5281064510345459
room-32-32-4,21,150,150,0,0.48046875,20550,136,0.49878573417663574
room-32-32-4,22,150,150,0,0.48046875,22950,152,0.5591685771942139
room-32-32-4,23,150,150,0,0.48046875,24000,159,0.5608704090118408
room-32-32-4,24,150,150,0,0.48046875,20850,138,0.4798116683959961
room-32-32-4,25,150,150,0,0.48046875,24600,163,0.5271813869476318
room-32-32-4,1,175,150,25,0.5048828125,30625,174,0.5753147602081299
room-32-32-4,2,175,150,25,0.5048828125,28175,160,0.6127238273620605
room-32-32-4,3,175,150,25,0.5048828125,26600,151,0.6154448986053467
room-32-32-4,4,175,150,25,0.5048828125,23100,131,0.49747705459594727
room-32-32-4,5,175,150,25,0.5048828125,29750,169,0.5901057720184326
room-32-32-4,6,175,150,25,0.5048828125,26950,153,0.5826709270477295
room-32-32-4,7,175,150,25,0.5048828125,27650,157,0.5529367923736572
room-32-32-4,8,175,150,25,0.5048828125,30625,174,0.6286640167236328
room-32-32-4,9,175,150,25,0.5048828125,25025,142,0.5521886348724365
room-32-32-4,10,175,150,25,0.5048828125,26775,152,0.6088905334472656
room-32-32-4,11,175,150,25,0.5048828125,29400,167,0.6382186412811279
room-32-32-4,12,175,150,25,0.5048828125,30100,171,0.6434452533721924
room-32-32-4,13,175,150,25,0.5048828125,26950,153,0.5829050540924072
room-32-32-4,14,175,150,25,0.5048828125,31325,178,0.5842845439910889
room-32-32-4,15,175,150,25,0.5048828125,21525,122,0.48885226249694824
room-32-32-4,16,175,150,25,0.5048828125,33600,191,0.6471562385559082
room-32-32-4,17,175,150,25,0.5048828125,28525,162,0.5762743949890137
room-32-32-4,18,175,150,25,0.5048828125,35000,199,0.6428506374359131
room-32-32-4,19,175,150,25,0.5048828125,28000,159,0.58748459815979
room-32-32-4,20,175,150,25,0.5048828125,32550,185,0.6175355911254883
room-32-32-4,21,175,150,25,0.5048828125,27125,154,0.5976283550262451
room-32-32-4,22,175,150,25,0.5048828125,26075,148,0.6381845474243164
room-32-32-4,23,175,150,25,0.5048828125,25200,143,0.5987420082092285
room-32-32-4,24,175,150,25,0.5048828125,44450,253,0.7069218158721924
room-32-32-4,25,175,150,25,0.5048828125,27650,157,0.6167714595794678
room-32-32-4,1,200,150,50,0.529296875,30200,150,0.6243133544921875
room-32-32-4,2,200,150,50,0.529296875,36600,182,0.7293367385864258
room-32-32-4,3,200,150,50,0.529296875,33400,166,0.7084052562713623
room-32-32-4,4,200,150,50,0.529296875,30800,153,0.5894999504089355
room-32-32-4,5,200,150,50,0.529296875,30800,153,0.6266756057739258
room-32-32-4,6,200,150,50,0.529296875,37000,184,0.7047779560089111
room-32-32-4,7,200,150,50,0.529296875,32400,161,0.6393375396728516
room-32-32-4,8,200,150,50,0.529296875,37200,185,0.7195320129394531
room-32-32-4,9,200,150,50,0.529296875,,,
room-32-32-4,10,200,150,50,0.529296875,39400,196,0.7260684967041016
room-32-32-4,11,200,150,50,0.529296875,36000,179,0.7141842842102051
room-32-32-4,12,200,150,50,0.529296875,53200,265,0.8797738552093506
room-32-32-4,13,200,150,50,0.529296875,31200,155,0.6533715724945068
room-32-32-4,14,200,150,50,0.529296875,31200,155,0.6111223697662354
room-32-32-4,15,200,150,50,0.529296875,26000,129,0.5509128570556641
room-32-32-4,16,200,150,50,0.529296875,35000,174,0.6855146884918213
room-32-32-4,17,200,150,50,0.529296875,33000,164,0.6624486446380615
room-32-32-4,18,200,150,50,0.529296875,38000,189,0.7239038944244385
room-32-32-4,19,200,150,50,0.529296875,36600,182,0.7213420867919922
room-32-32-4,20,200,150,50,0.529296875,37200,185,0.6816375255584717
room-32-32-4,21,200,150,50,0.529296875,30200,150,0.6406657695770264
room-32-32-4,22,200,150,50,0.529296875,29800,148,0.6756250858306885
room-32-32-4,23,200,150,50,0.529296875,35000,174,0.7437727451324463
room-32-32-4,24,200,150,50,0.529296875,33600,167,0.6513824462890625
room-32-32-4,25,200,150,50,0.529296875,35000,174,0.6929469108581543
room-32-32-4,1,225,150,75,0.5537109375,36225,160,0.6926038265228271
room-32-32-4,2,225,150,75,0.5537109375,42975,190,0.8044610023498535
room-32-32-4,3,225,150,75,0.5537109375,38250,169,0.7782354354858398
room-32-32-4,4,225,150,75,0.5537109375,29925,132,0.5866022109985352
room-32-32-4,5,225,150,75,0.5537109375,38475,170,0.759446382522583
room-32-32-4,6,225,150,75,0.5537109375,39150,173,0.7720372676849365
room-32-32-4,7,225,150,75,0.5537109375,39375,174,0.716984748840332
room-32-32-4,8,225,150,75,0.5537109375,40725,180,0.7622489929199219
room-32-32-4,9,225,150,75,0.5537109375,47025,208,0.7991392612457275
room-32-32-4,10,225,150,75,0.5537109375,38925,172,0.8114774227142334
room-32-32-4,11,225,150,75,0.5537109375,38700,171,0.8126096725463867
room-32-32-4,12,225,150,75,0.5537109375,42750,189,0.8524374961853027
room-32-32-4,13,225,150,75,0.5537109375,33750,149,0.7227048873901367
room-32-32-4,14,225,150,75,0.5537109375,36450,161,0.7143266201019287
room-32-32-4,15,225,150,75,0.5537109375,33075,146,0.6488468647003174
room-32-32-4,16,225,150,75,0.5537109375,36000,159,0.7392489910125732
room-32-32-4,17,225,150,75,0.5537109375,34200,151,0.6987357139587402
room-32-32-4,18,225,150,75,0.5537109375,57150,253,0.9056870937347412
room-32-32-4,19,225,150,75,0.5537109375,38700,171,0.7687356472015381
room-32-32-4,20,225,150,75,0.5537109375,47025,208,0.810021162033081
room-32-32-4,21,225,150,75,0.5537109375,36900,163,0.7625303268432617
room-32-32-4,22,225,150,75,0.5537109375,40050,177,0.8006618022918701
room-32-32-4,23,225,150,75,0.5537109375,37800,167,0.8088476657867432
room-32-32-4,24,225,150,75,0.5537109375,40725,180,0.732069730758667
room-32-32-4,25,225,150,75,0.5537109375,36225,160,0.756650447845459
room-32-32-4,1,250,150,100,0.578125,42250,168,0.7871971130371094
room-32-32-4,2,250,150,100,0.578125,55750,222,0.9581015110015869
room-32-32-4,3,250,150,100,0.578125,55500,221,0.9634928703308105
room-32-32-4,4,250,150,100,0.578125,39750,158,0.7108023166656494
room-32-32-4,5,250,150,100,0.578125,49000,195,0.8674638271331787
room-32-32-4,6,250,150,100,0.578125,45000,179,0.8494968414306641
room-32-32-4,7,250,150,100,0.578125,51000,203,0.85353684425354
room-32-32-4,8,250,150,100,0.578125,42500,169,0.8147709369659424
room-32-32-4,9,250,150,100,0.578125,47250,188,0.86916184425354
room-32-32-4,10,250,150,100,0.578125,44500,177,0.8809633255004883
room-32-32-4,11,250,150,100,0.578125,61250,244,1.0039575099945068
room-32-32-4,12,250,150,100,0.578125,60250,240,1.0415623188018799
room-32-32-4,13,250,150,100,0.578125,40250,160,0.8183071613311768
room-32-32-4,14,250,150,100,0.578125,58000,231,0.8864376544952393
room-32-32-4,15,250,150,100,0.578125,43000,171,0.7861080169677734
room-32-32-4,16,250,150,100,0.578125,43500,173,0.834963321685791
room-32-32-4,17,250,150,100,0.578125,52500,209,0.8919861316680908
room-32-32-4,18,250,150,100,0.578125,50750,202,0.892864465713501
room-32-32-4,19,250,150,100,0.578125,57250,228,0.9646046161651611
room-32-32-4,20,250,150,100,0.578125,54500,217,0.9276430606842041
room-32-32-4,21,250,150,100,0.578125,42500,169,0.8470549583435059
room-32-32-4,22,250,150,100,0.578125,47750,190,0.9415020942687988
room-32-32-4,23,250,150,100,0.578125,52250,208,0.9377093315124512
room-32-32-4,24,250,150,100,0.578125,49000,195,0.8954548835754395
room-32-32-4,25,250,150,100,0.578125,46000,183,0.9004538059234619
room-32-32-4,1,275,150,125,0.6025390625,57475,208,0.9695968627929688
room-32-32-4,2,275,150,125,0.6025390625,63800,231,1.0713531970977783
room-32-32-4,3,275,150,125,0.6025390625,53625,194,0.9947452545166016
room-32-32-4,4,275,150,125,0.6025390625,56925,206,0.9146373271942139
room-32-32-4,5,275,150,125,0.6025390625,58300,211,0.9995872974395752
room-32-32-4,6,275,150,125,0.6025390625,52525,190,0.9131262302398682
room-32-32-4,7,275,150,125,0.6025390625,62700,227,1.0104954242706299
room-32-32-4,8,275,150,125,0.6025390625,52800,191,0.9864089488983154
room-32-32-4,9,275,150,125,0.6025390625,55275,200,0.9904360771179199
room-32-32-4,10,275,150,125,0.6025390625,61325,222,1.0782215595245361
room-32-32-4,11,275,150,125,0.6025390625,58025,210,1.0600521564483643
room-32-32-4,12,275,150,125,0.6025390625,58575,212,1.0528864860534668
room-32-32-4,13,275,150,125,0.6025390625,57200,207,0.9923372268676758
room-32-32-4,14,275,150,125,0.6025390625,53075,192,0.9275822639465332
room-32-32-4,15,275,150,125,0.6025390625,39050,141,0.7922065258026123
room-32-32-4,16,275,150,125,0.6025390625,52525,190,0.9977271556854248
room-32-32-4,17,275,150,125,0.6025390625,70950,257,1.0840976238250732
room-32-32-4,18,275,150,125,0.6025390625,56100,203,0.9824633598327637
room-32-32-4,19,275,150,125,0.6025390625,52250,189,0.9401340484619141
room-32-32-4,20,275,150,125,0.6025390625,66550,241,1.0721619129180908
room-32-32-4,21,275,150,125,0.6025390625,48675,176,0.9149715900421143
room-32-32-4,22,275,150,125,0.6025390625,60500,219,1.0274593830108643
room-32-32-4,23,275,150,125,0.6025390625,62425,226,1.0806963443756104
room-32-32-4,24,275,150,125,0.6025390625,77275,280,1.1579298973083496
room-32-32-4,25,275,150,125,0.6025390625,52250,189,0.9899640083312988
room-32-32-4,1,300,150,150,0.626953125,69300,230,1.1152689456939697
room-32-32-4,2,300,150,150,0.626953125,67200,223,1.162489891052246
room-32-32-4,3,300,150,150,0.626953125,59700,198,1.1068637371063232
room-32-32-4,4,300,150,150,0.626953125,57900,192,0.9893906116485596
room-32-32-4,5,300,150,150,0.626953125,66300,220,1.1093428134918213
room-32-32-4,6,300,150,150,0.626953125,70500,234,1.120300531387329
room-32-32-4,7,300,150,150,0.626953125,59400,197,1.0227820873260498
room-32-32-4,8,300,150,150,0.626953125,77100,256,1.256302833557129
room-32-32-4,9,300,150,150,0.626953125,61500,204,1.094517469406128
room-32-32-4,10,300,150,150,0.626953125,62400,207,1.1235690116882324
room-32-32-4,11,300,150,150,0.626953125,80100,266,1.2985260486602783
room-32-32-4,12,300,150,150,0.626953125,66300,220,1.122788906097412
room-32-32-4,13,300,150,150,0.626953125,60000,199,1.0983726978302002
room-32-32-4,14,300,150,150,0.626953125,74100,246,1.1547672748565674
room-32-32-4,15,300,150,150,0.626953125,70500,234,1.1116297245025635
room-32-32-4,16,300,150,150,0.626953125,63600,211,1.0932509899139404
room-32-32-4,17,300,150,150,0.626953125,64200,213,1.0779712200164795
room-32-32-4,18,300,150,150,0.626953125,,,
room-32-32-4,19,300,150,150,0.626953125,59400,197,1.0657026767730713
room-32-32-4,20,300,150,150,0.626953125,59100,196,1.074554443359375
room-32-32-4,21,300,150,150,0.626953125,60000,199,1.09550142288208
room-32-32-4,22,300,150,150,0.626953125,61800,205,1.1305773258209229
room-32-32-4,23,300,150,150,0.626953125,99600,331,1.4190404415130615
room-32-32-4,24,300,150,150,0.626953125,69300,230,1.1389987468719482
room-32-32-4,25,300,150,150,0.626953125,69900,232,1.2382707595825195
